{
"getImMsgTemplateInfo":
{
"t":"1525760513417",
"Yb-Yh-Client":"0",
"Yb-Yh-Token":"3b95651d5e8f7dee47d877f58e6e4f01",
"doctorUserId":"141273"
},
"getConversationInfo":
{
"t":"1525760513417",
"Yb-Yh-Client":"0",
"Yb-Yh-Token":"3b95651d5e8f7dee47d877f58e6e4f01",
"conversationId":"6199",
"isFirst":"1"
},
"resetUnreadMsgCount":
{
"t":"1525760513417",
"Yb-Yh-Client":"0",
"Yb-Yh-Token":"3b95651d5e8f7dee47d877f58e6e4f01",
"conversationId":"6199"
},
"initIM":
{
"t":"1525760513417",
"Yb-Yh-Client":"0",
"Yb-Yh-Token":"3b95651d5e8f7dee47d877f58e6e4f01",
"timestamp":"20180504140706"
},
"phoneConsult":
{
"t":"1525760513417",
"Yb-Yh-Client":"0",
"Yb-Yh-Token":"3b95651d5e8f7dee47d877f58e6e4f01",
"patientId":"534",
"doctorUserId":"141273"
},
"saveOrder":
{
"t":"1525760513417",
"Yb-Yh-Client":"0",
"Yb-Yh-Token":"3b95651d5e8f7dee47d877f58e6e4f01",
"isFree":"0",
"catType":"10",
"priceId":"4090",
"refer":"1",
"patientId":"1784",
"commodityId":"11282",
"processInstanceId":"12144",
"isAnonymousDisplay":"1"
},
"getYTXAccountLoginStatus":
{
"t":"1525760513417",
"Yb-Yh-Client":"0",
"Yb-Yh-Token":"3b95651d5e8f7dee47d877f58e6e4f01"
},
"getConcernDoctorList":
{
"t":"1525760513417",
"Yb-Yh-Client":"0",
"Yb-Yh-Token":"3b95651d5e8f7dee47d877f58e6e4f01",
"start":"0",
"size":"10"
},
"getOnLineCommodityDetail":
{
"t":"1525760513417",
"Yb-Yh-Client":"0",
"Yb-Yh-Token":"3b95651d5e8f7dee47d877f58e6e4f01",
"doctorUserId":"141273",
"serviceType":"2"
},
"put":
{
"t":"1525760513417",
"Yb-Yh-Client":"0",
"Yb-Yh-Token":"3b95651d5e8f7dee47d877f58e6e4f01",
"key":"mall_service_apply_form",
"data":
{
"orderType":"10",
"priceId":"4090",
"doctor":
{
"name":"呵呵测试",
"imgPath":"https://ognvoq0qy.qnssl.com/doctor-man.png-mini",
"itemName":"营养科",
"titleName":"主治医师",
"hospitalName":"浙江大学附属第一医院",
"userId":"141273"
},
"hasPriceFavorable":"0",
"processDefinitionId":"11408",
"prevPage":"consult_my",
"commodityId":"11282"
}
},
"get":
{
"t":"1525760513417",
"Yb-Yh-Client":"0",
"Yb-Yh-Token":"3b95651d5e8f7dee47d877f58e6e4f01",
"key":"mall_service_apply_form"
},
"getYTXAccountLoginStatus":
{
"t":"1525760513417",
"Yb-Yh-Client":"0",
"Yb-Yh-Token":"3b95651d5e8f7dee47d877f58e6e4f01"
},
"initform":
{
"t":"1525760513417",
"Yb-Yh-Client":"0",
"Yb-Yh-Token":"3b95651d5e8f7dee47d877f58e6e4f01",
"processDefinitionId":"11407"
},
"getPatientlist":
{
"t":"1525760513417",
"Yb-Yh-Client":"0",
"Yb-Yh-Token":"3b95651d5e8f7dee47d877f58e6e4f01",
"pageSize":"1000",
"pageNum":"0"
},
"pre":
{
"t":"1526010680228",
"Yb-Yh-Client":"0",
"Yb-Yh-Token":"3b95651d5e8f7dee47d877f58e6e4f01",
"commodityId":"11282",
"doctorUserId":"141273",
"patientId":"1781"
},
"checkPatient":
{
"t":"1525760513417",
"Yb-Yh-Client":"0",
"Yb-Yh-Token":"3b95651d5e8f7dee47d877f58e6e4f01",
"commodityId":"11065",
"patientId":"1794"
},
"getAssistantAccount":
{
"t":"1525760513417",
"Yb-Yh-Client":"0",
"Yb-Yh-Token":"3b95651d5e8f7dee47d877f58e6e4f01",
"assistantUserId":"141273",
"patientId":"1794"
}
}

